{
  "Link Color" : {
    "Red Component" : 0.409068763256073,
    "Color Space" : "sRGB",
    "Blue Component" : 0.757415771484375,
    "Alpha Component" : 1,
    "Green Component" : 0.57946771383285522
  },
  "Tags" : [

  ],
  "Ansi 12 Color" : {
    "Red Component" : 0.49400871992111206,
    "Color Space" : "sRGB",
    "Blue Component" : 0.78158527612686157,
    "Alpha Component" : 1,
    "Green Component" : 0.66577816009521484
  },
  "Ansi 7 Color" : {
    "Red Component" : 0.85050994157791138,
    "Color Space" : "sRGB",
    "Blue Component" : 0.85051912069320679,
    "Alpha Component" : 1,
    "Green Component" : 0.85052990913391113
  },
  "Ansi 8 Color" : {
    "Red Component" : 0.3872452974319458,
    "Color Space" : "sRGB",
    "Blue Component" : 0.38724979758262634,
    "Alpha Component" : 1,
    "Green Component" : 0.38725507259368896
  },
  "Bold Color" : {
    "Red Component" : 0.85050994157791138,
    "Color Space" : "sRGB",
    "Blue Component" : 0.85051912069320679,
    "Alpha Component" : 1,
    "Green Component" : 0.85052990913391113
  },
  "Ansi 9 Color" : {
    "Red Component" : 0.73701304197311401,
    "Color Space" : "sRGB",
    "Blue Component" : 0.32653939723968506,
    "Alpha Component" : 1,
    "Green Component" : 0.33781808614730835
  },
  "Horizontal Spacing" : 1,
  "Right Option Key Sends" : 0,
  "Rows" : 25,
  "Default Bookmark" : "No",
  "Cursor Guide Color" : {
    "Red Component" : 0.70213186740875244,
    "Color Space" : "sRGB",
    "Blue Component" : 1,
    "Alpha Component" : 0.110565185546875,
    "Green Component" : 0.9268307089805603
  },
  "Non-ASCII Anti Aliased" : true,
  "Use Bright Bold" : true,
  "Ansi 10 Color" : {
    "Red Component" : 0.62717646360397339,
    "Color Space" : "sRGB",
    "Blue Component" : 0.46547874808311462,
    "Alpha Component" : 1,
    "Green Component" : 0.67388916015625
  },
  "Use Cursor Guide" : true,
  "Icon" : 1,
  "Ambiguous Double Width" : false,
  "Jobs to Ignore" : [
    "rlogin",
    "ssh",
    "slogin",
    "telnet"
  ],
  "Show Status Bar" : false,
  "Ansi 15 Color" : {
    "Red Component" : 0.96881216764450073,
    "Color Space" : "sRGB",
    "Blue Component" : 0.96882253885269165,
    "Alpha Component" : 1,
    "Green Component" : 0.96883469820022583
  },
  "Foreground Color" : {
    "Red Component" : 0.85050994157791138,
    "Color Space" : "sRGB",
    "Blue Component" : 0.85051912069320679,
    "Alpha Component" : 1,
    "Green Component" : 0.85052990913391113
  },
  "Working Directory" : "\/Users\/jkulak",
  "Blinking Cursor" : true,
  "Disable Window Resizing" : true,
  "Sync Title" : false,
  "Prompt Before Closing 2" : false,
  "BM Growl" : true,
  "Command" : "",
  "Description" : "Default",
  "Mouse Reporting" : true,
  "Screen" : -1,
  "Selection Color" : {
    "Red Component" : 0.41640311479568481,
    "Color Space" : "sRGB",
    "Blue Component" : 0.5211181640625,
    "Alpha Component" : 1,
    "Green Component" : 0.4745735228061676
  },
  "Initial Use Transparency" : true,
  "Only The Default BG Color Uses Transparency" : true,
  "Columns" : 80,
  "Idle Code" : 0,
  "Ansi 13 Color" : {
    "Red Component" : 0.69086837768554688,
    "Color Space" : "sRGB",
    "Blue Component" : 0.5943102240562439,
    "Alpha Component" : 1,
    "Green Component" : 0.39817756414413452
  },
  "Title Components" : 387,
  "Custom Command" : "No",
  "ASCII Anti Aliased" : true,
  "Non Ascii Font" : "Monaco 12",
  "Vertical Spacing" : 1.4199999999999999,
  "Use Bold Font" : true,
  "Option Key Sends" : 1,
  "Selected Text Color" : {
    "Red Component" : 0.85050994157791138,
    "Color Space" : "sRGB",
    "Blue Component" : 0.85051912069320679,
    "Alpha Component" : 1,
    "Green Component" : 0.85052990913391113
  },
  "Background Color" : {
    "Red Component" : 0.20750144124031067,
    "Color Space" : "sRGB",
    "Blue Component" : 0.26528763771057129,
    "Alpha Component" : 1,
    "Green Component" : 0.228435218334198
  },
  "Character Encoding" : 4,
  "Ansi 11 Color" : {
    "Red Component" : 0.92155331373214722,
    "Color Space" : "sRGB",
    "Blue Component" : 0.47770875692367554,
    "Alpha Component" : 1,
    "Green Component" : 0.75726079940795898
  },
  "Thin Strokes" : 3,
  "Use Italic Font" : true,
  "Unlimited Scrollback" : true,
  "Keyboard Map" : {
    "0xf700-0x260000" : {
      "Text" : "[1;6A",
      "Action" : 10
    },
    "0x37-0x40000" : {
      "Text" : "0x1f",
      "Action" : 11
    },
    "0x32-0x40000" : {
      "Text" : "0x00",
      "Action" : 11
    },
    "0xf709-0x20000" : {
      "Text" : "[17;2~",
      "Action" : 10
    },
    "0xf70c-0x20000" : {
      "Text" : "[20;2~",
      "Action" : 10
    },
    "0xf729-0x20000" : {
      "Text" : "[1;2H",
      "Action" : 10
    },
    "0xf72b-0x40000" : {
      "Text" : "[1;5F",
      "Action" : 10
    },
    "0xf705-0x20000" : {
      "Text" : "[1;2Q",
      "Action" : 10
    },
    "0xf703-0x260000" : {
      "Text" : "[1;6C",
      "Action" : 10
    },
    "0xf700-0x220000" : {
      "Text" : "[1;2A",
      "Action" : 10
    },
    "0xf701-0x280000" : {
      "Text" : "0x1b 0x1b 0x5b 0x42",
      "Action" : 11
    },
    "0x38-0x40000" : {
      "Text" : "0x7f",
      "Action" : 11
    },
    "0x33-0x40000" : {
      "Text" : "0x1b",
      "Action" : 11
    },
    "0xf703-0x220000" : {
      "Text" : "[1;2C",
      "Action" : 10
    },
    "0xf701-0x240000" : {
      "Text" : "[1;5B",
      "Action" : 10
    },
    "0xf70d-0x20000" : {
      "Text" : "[21;2~",
      "Action" : 10
    },
    "0xf702-0x260000" : {
      "Text" : "[1;6D",
      "Action" : 10
    },
    "0xf729-0x40000" : {
      "Text" : "[1;5H",
      "Action" : 10
    },
    "0xf706-0x20000" : {
      "Text" : "[1;2R",
      "Action" : 10
    },
    "0x34-0x40000" : {
      "Text" : "0x1c",
      "Action" : 11
    },
    "0xf700-0x280000" : {
      "Text" : "0x1b 0x1b 0x5b 0x41",
      "Action" : 11
    },
    "0x2d-0x40000" : {
      "Text" : "0x1f",
      "Action" : 11
    },
    "0xf70e-0x20000" : {
      "Text" : "[23;2~",
      "Action" : 10
    },
    "0xf702-0x220000" : {
      "Text" : "[1;2D",
      "Action" : 10
    },
    "0xf703-0x280000" : {
      "Text" : "0x1b 0x1b 0x5b 0x43",
      "Action" : 11
    },
    "0xf700-0x240000" : {
      "Text" : "[1;5A",
      "Action" : 10
    },
    "0xf707-0x20000" : {
      "Text" : "[1;2S",
      "Action" : 10
    },
    "0xf70a-0x20000" : {
      "Text" : "[18;2~",
      "Action" : 10
    },
    "0x35-0x40000" : {
      "Text" : "0x1d",
      "Action" : 11
    },
    "0xf70f-0x20000" : {
      "Text" : "[24;2~",
      "Action" : 10
    },
    "0xf703-0x240000" : {
      "Text" : "[1;5C",
      "Action" : 10
    },
    "0xf701-0x260000" : {
      "Text" : "[1;6B",
      "Action" : 10
    },
    "0xf702-0x280000" : {
      "Text" : "0x1b 0x1b 0x5b 0x44",
      "Action" : 11
    },
    "0xf72b-0x20000" : {
      "Text" : "[1;2F",
      "Action" : 10
    },
    "0x36-0x40000" : {
      "Text" : "0x1e",
      "Action" : 11
    },
    "0xf708-0x20000" : {
      "Text" : "[15;2~",
      "Action" : 10
    },
    "0xf701-0x220000" : {
      "Text" : "[1;2B",
      "Action" : 10
    },
    "0xf70b-0x20000" : {
      "Text" : "[19;2~",
      "Action" : 10
    },
    "0xf702-0x240000" : {
      "Text" : "[1;5D",
      "Action" : 10
    },
    "0xf704-0x20000" : {
      "Text" : "[1;2P",
      "Action" : 10
    }
  },
  "Window Type" : 13,
  "Blur Radius" : 10.40599024428934,
  "Cursor Type" : 1,
  "Background Image Location" : "",
  "Blur" : true,
  "Badge Color" : {
    "Red Component" : 1,
    "Color Space" : "sRGB",
    "Blue Component" : 0,
    "Alpha Component" : 0.5,
    "Green Component" : 0.1491314172744751
  },
  "Scrollback Lines" : 0,
  "Send Code When Idle" : false,
  "Close Sessions On End" : true,
  "Terminal Type" : "xterm-256color",
  "Visual Bell" : true,
  "Flashing Bell" : false,
  "Status Bar Layout" : {
    "components" : [

    ],